timestamp,drone_pos_x,drone_pos_y,drone_pos_z,drone_roll,drone_pitch,drone_yaw,drone_lin_vel_x,drone_lin_vel_y,drone_lin_vel_z,drone_ang_vel_x,drone_ang_vel_y,drone_ang_vel_z,closest_obs_distance,closest_obs_pos,identified_markers_ids
1645717822,-6.5646492706e-06,2.66489238365e-05,0.232466276289,0.000227607996467,8.51036709795e-07,89.9863188148,-0.00117046376286,-7.24373375352e-06,0.00129272785345,0.00363435799607,-0.367318739772,-0.0022062857241,6.24564218521,front,[]
1645717822,-6.5723085978e-06,2.6691437931e-05,0.23246627736,0.000228293919485,7.71379767726e-07,89.9862945597,-0.00117389550755,-7.53167268376e-06,0.00129652399991,0.00370166225985,-0.368399970176,-0.00216878830022,6.25158452988,front,[]
1645717823,-6.58807525821e-06,2.67775089698e-05,0.232466279377,0.000229576046801,8.10990253546e-07,89.9862461274,-0.00118078535222,-7.35055547212e-06,0.0013039546531,0.0036562497486,-0.370561608302,-0.00218738183528,6.25237035751,front,[]
1645717824,-8.65704212993e-06,2.92469069615e-05,0.232466293619,-0.000239050764485,1.21666497559e-06,89.9850659781,0.00133020828488,9.26024686104e-05,0.00141575926789,-0.0298351039002,0.417813585331,-0.00122887697687,6.25490522385,front,[]
1645717826,-9.50400981163e-06,3.24113802058e-05,0.232466340328,-0.000268799321703,9.91574546145e-07,89.9837970832,0.00149997601229,9.81521367945e-05,0.00159524219332,-0.0316415330872,0.471131497863,-0.00133243783006,6.25176668167,front,[]
1645717827,-1.04712522598e-05,3.60409831147e-05,0.232466385028,-0.000297270444474,7.52968628577e-07,89.9824729719,0.00167151433171,0.000103880030249,0.00177190842143,-0.0335075423645,0.525005888963,-0.00144187143532,6.25529956818,front,[]
1645717828,-1.38881847316e-05,3.96841222182e-05,0.232465722146,-0.000122841073422,-4.16668207526e-05,89.9810367567,-0.000651438108924,-0.000127896143259,-0.000324764132471,0.0411551458511,-0.204502884771,-0.00201667881495,6.25346803665,front,[]
1645717829,-9.00892811044e-06,0.0212916042691,0.243876484681,-6.1506364015e-06,6.58489697035,89.97950778,3.60365784459e-05,0.049815303364,0.023272256838,-14.7236677498,0.0114574177916,-0.00161966558389,0.8323802948,front,[]
1645717830,-0.0103089644317,0.321900997953,0.262493057329,-0.899332393445,20.7376093952,87.0013034561,-0.0385316251038,0.62346273726,0.00137659938827,31.0408476056,-5.7902332647,-5.82367269404,0.356861710548,front,[]
1645717832,-0.0242455215614,1.11187158099,0.263053882488,0.841085059001,36.7661514581,93.6046103207,-0.0685012922791,0.901249389824,-0.0227571588377,-1.27344907236,-18.8691797615,-5.87116590669,0.215479522943,front,[]
1645717833,-0.0292327589642,1.73360324698,0.262432674442,-0.289184433836,36.6601403225,93.5255731363,-0.0152586125287,0.137880871473,0.021758164452,0.57182734831,-10.9336021765,3.7782794112,0.216631367803,front,[]
1645717834,-0.0466928495474,2.04540623599,0.306016603057,0.155802620186,4.26963391684,89.8758288149,-0.0718473909546,1.31115670377,0.240377048383,68.6887428869,2.56931583172,-10.5708939982,1.86020338535,front,[]
1645717835,-0.0934507817175,2.94489830394,0.6787833884,0.297338651363,-3.62564195613,87.4792663744,-0.0316198350979,0.468417582869,0.451910204726,-4.98130629029,-0.0806129259445,-0.271484837843,3.4459862709,front,[]
1645717836,-0.115852456595,3.20006340776,1.11362861991,0.117055029933,-1.00612597294,87.4077165608,-0.0147943655183,0.118117473821,0.0485667027104,-0.940193440799,-0.0296427347573,-0.00893928067823,3.22457647324,front-left,[]
1645717838,-0.127487697621,3.27495655021,0.918864173591,0.198762566042,-0.600319283031,74.763388826,-0.00895006838758,0.0365895163367,-0.22548650556,-1.27825651935,0.385640868415,-51.2669391374,3.15315341949,front-left,[]
1645717839,-0.138695905329,3.29082559567,0.66149605083,0.140909052567,-0.108295652597,57.347728968,-0.0136093149112,0.00738529974149,-0.357770136452,2.29634697144,2.22317485184,21.1609090224,3.13623332977,front-left,[]
1645717840,-0.143707293926,3.28759536042,0.483121543269,0.066093381366,5.79434239714,86.5853472065,0.00121814663658,0.0418768407451,-0.145776145786,-34.081435781,2.41588790822,5.22577553422,3.11878061295,front,[]
1645717841,-0.119302083672,3.78523691141,0.37523427933,-0.0206671137251,1.51356834292,87.9961815244,0.0327438658736,0.738093823939,-0.0812542142164,2.63836570683,-0.0948464268485,0.131501521906,2.71836066246,front-left,[]
1645717842,-0.0965548558539,4.29723639729,0.69569076614,-0.00965188814774,-2.33982897047,88.1276176333,0.00939966785642,0.178277674423,0.658081912056,-3.9017232739,0.145040648786,0.021027476413,2.27329897881,front-right,[]
1645717844,-0.0923167762948,4.34960881748,1.37202372454,-0.00368421746682,-0.392457583941,88.1324935786,0.00138401084337,-0.0163186589383,0.702173614554,-0.858620963756,0.0287367895871,0.00043948213026,2.22969484329,front-right,[]
1645717845,-0.0918200335468,4.3172000676,1.89705745786,-0.00421057278126,0.0235372828864,88.1326122136,2.78557308472e-05,-0.0363416390382,0.0664538178164,-0.142110279771,0.00686636297086,7.99021753716e-06,2.25737667084,front-right,[]
1645717846,-0.0919466799911,4.28493137235,1.87554368062,-0.000924139171452,-0.0222280176564,88.1326178988,-0.000214876820636,-0.0268754618168,-0.0421053173259,1.66833877953,-0.0235578730338,3.66754294596e-05,2.28583073616,front-right,[]
1645717847,-0.079595750545,4.67311224748,1.83211492901,-0.00297775309822,1.97900602216,88.2874897647,0.0213284368751,0.697266565519,-0.036160207686,3.4148963944,-0.0976464755369,0.00869728956064,1.97208619118,front-right,[]
1645717849,-0.0552551010504,5.47765977091,1.80075938023,-0.000841382906561,0.313438649424,88.289447515,0.0245375026528,0.815827239056,-0.0264760223452,0.567075439242,-0.0160393532917,0.000115263766402,1.4734171629,front-right,[]
1645717850,-0.0314385598676,6.27137039758,1.77733933673,-0.000326421039404,0.0857538191224,88.2894806193,0.0239145553903,0.798324958089,-0.0215419440713,0.038342209263,-0.000851250141096,4.03488302812e-06,1.28754758835,right,[]
1645717851,-0.00773862279307,7.06328938576,1.75771001131,-0.000133567183153,0.104407429691,88.2894820826,0.0230560513439,0.77097415364,-0.0174720172531,-0.0445811185408,0.0014505584104,1.5550574633e-07,1.26589345932,right,[]
1645717852,0.0147880824232,7.81688440515,1.74207687419,-5.29968667602e-05,0.147686615206,88.2894823578,0.0225014320493,0.753000269485,-0.0142241396938,-0.0384319605034,0.00120038893088,1.07363143918e-07,1.2452493906,right,[]
1645717853,0.036893871532,8.55679063704,1.72935052372,-1.76548440299e-05,0.178165080704,88.2894825813,0.0221889076951,0.742801371739,-0.0115788989335,-0.02349921235,0.000724390504451,1.36129493423e-07,1.22018694878,right,[]
1645717855,0.057720872328,9.22950430615,1.71668340645,-1.362180161,-4.99853603087,104.33122879,0.014711455626,0.349373950229,-0.017899700281,-8.51375477406,-4.67621802623,52.7703261414,1.19951581955,right,[]
1645717856,-0.0624884989657,9.46888313137,1.70225555199,-0.481951215923,-4.10096651417,129.33969088,-0.29631030924,0.304038723514,-0.0122403130093,11.7044690841,10.9101701532,-29.4250795538,1.31290078163,right,[]
1645717857,-0.209702802708,9.58860818819,1.69257547496,0.723835237682,5.82791543951,87.8960299148,-0.0544159462865,0.258446963239,-0.0116735939056,7.13628981949,-0.439505823242,-10.7793586331,1.26605975628,left,[]
1645717858,-0.197741610325,10.1496652281,1.68489412098,0.205046131568,1.14679187701,84.9365066994,0.0564317599483,0.727400748255,-0.00348249773805,1.8137876518,-0.501419420119,-0.331477029453,1.27883315086,left,[]
1645717859,-0.187794720511,10.6104730371,1.67821940842,-1.08095340751,3.37151915947,112.713761178,-0.128332306486,0.483948324647,-0.00582870758096,4.49190728812,3.1902202689,6.67373024146,1.32145667076,front-left,[]
1645717861,-0.4520492269,11.2497121733,1.67560762954,-0.186531393484,0.652684989918,114.597276012,-0.323233423452,0.681394986789,-0.000646071102372,0.712604049428,0.77150036329,0.1869431627,1.36517572403,left,[]
1645717862,-0.782278113062,11.9293496117,1.67522157263,0.0114857090793,0.198550857065,114.651927783,-0.340526343334,0.69646752557,-0.000303255661086,0.11346921274,0.131480294152,0.00673221508886,1.71475315094,left,[]
1645717863,-1.03709688763,12.4416368882,1.67090434781,-1.38944762271,3.79337133796,139.245090954,-0.196571745435,0.273133572394,-0.00537278233518,-4.60375051585,-4.90267719667,16.1559269367,2.12009310722,left,[]
1645717864,-1.48152232125,12.7984325919,1.66864760618,-0.284415231095,1.00963915342,143.703477788,-0.585038105109,0.396679340772,0.0003795385337,0.33395706364,1.5755509866,0.477185273516,2.26013469696,front-right,[]
1645717865,-2.11663917272,13.2180788932,1.66949071308,0.0405200511825,0.279086287945,143.843194881,-0.637540205127,0.420901486881,0.000899759547662,0.0738715436787,0.273506602362,0.0149072695315,1.84025204182,front-right,[]
1645717867,-2.73640896374,13.6335122909,1.66996742957,0.437601116082,-6.7985686912,139.773969401,-0.526564884153,0.353151035481,-0.00384430747796,0.116789316534,6.59290042916,-37.3536366407,1.42673695087,front-right,[]
1645717868,-2.94318286301,13.7383495704,1.66071746203,-0.115637419421,-0.0760068559737,97.9425812871,-0.0816443374173,-0.00608847122058,-0.0408130184818,-0.231412784623,0.573121209388,-11.3279805962,1.32301402092,front,[]
1645717869,-2.92977871408,13.7015696852,1.64772691253,0.122324229645,-0.148277788776,141.789465635,0.0790664885497,-0.0515822771245,0.00375753385948,0.358039741596,-2.38710522665,40.4089917682,1.36025857925,front-right,[]
1645717870,-3.01029304766,13.744224671,1.62588440055,-0.0168314382229,3.76014524312,151.047917076,-0.423222222041,0.237152386713,-0.00301008013181,3.13929385073,5.63094259699,0.845533969787,1.31128513813,front-right,[]
1645717871,-3.52193698029,14.0268628775,1.62890354282,1.03128277791,-4.25716635463,134.214998226,-0.29961415565,0.155033558471,0.00115739895231,-6.92134374605,-4.31303940229,-53.5191241087,1.05537867546,front-right,[]
1645717873,-3.63354023481,14.1216024938,1.63281563235,0.721693591093,5.74196104538,90.716797582,-0.0183007406367,0.331899939055,-0.000345400657287,8.77537495575,-0.581560403996,-9.36053744311,1.00632369518,front,[]
1645717874,-3.61787897811,14.6049993908,1.63260156946,-0.636472088669,4.03359832639,104.898340161,0.00550115689019,0.392344985586,0.00290303916363,-8.73700296723,-3.18078389486,16.0591980572,0.572413980961,front-right,[]
1645717875,-3.76179403915,15.196797074,1.63570784784,1.77979811307,1.80589664475,93.8801535486,-0.181455484266,0.702027625462,0.00463226217764,2.10305198909,-0.295784511449,-12.7287709508,0.452996701002,right,[]
1645717876,-3.83464648132,15.9713847454,1.64153666847,0.422767739406,0.318753674488,90.3727342921,-0.00551301382093,0.816308528904,0.0063392842924,0.584228956233,-0.794657454182,-0.418207272888,1.05957245827,right,[]
1645717877,-3.81319933767,16.3657606689,1.64212562323,-1.54328964012,-1.37716863292,137.878020423,0.0341930868263,0.099530744596,0.00325672796371,-2.72156152703,-2.35686094183,57.1857474328,1.61386036873,right,[]
1645717879,-3.7805741679,16.3830627833,1.60967221432,-0.575337232262,-0.0167576317136,167.268678396,0.035378770933,-0.0036671727983,-0.116389005481,8.2409105461,-3.06938993974,29.2312588711,1.26072311401,left,[]
1645717880,-3.7594504974,16.3367487011,1.59549959991,0.105689464554,0.0166463414358,-139.604160885,0.0103702636118,-0.0598462514557,0.0143488252875,-0.436543094249,0.13250610932,57.2278701872,1.20819759369,front-left,[]
1645717881,-3.75498046325,16.2874338023,1.61014078912,0.0309594127429,-0.146301637943,-81.1863924644,-0.000868199537465,-0.0352227514504,0.0132959957785,0.0275090549623,0.164694755335,57.2802185458,1.16025102139,front,[]
1645717882,-3.7595954892,16.2617710054,1.61999147515,0.00241913663249,-0.0819352110682,-31.9911302657,-0.00868532593361,-0.0195855566993,-0.0143235367318,0.0123676374329,0.0166424195846,15.5871293202,1.13890314102,front-right,[]
1645717884,-3.77193073234,16.2453992938,1.48581216455,-0.120971855661,0.0272137063517,-44.6634695091,-0.00731162844073,-0.0107339668555,-0.0227534355396,-0.0631773410531,-0.218593877075,-53.4530070129,1.1246445179,front,[]
1645717885,-3.77291641241,16.2394248242,1.50838253758,-0.0138662464626,-0.0618539109064,-99.5204112782,0.00348696400768,-0.00231799936356,0.0319547951037,-0.357630074845,-0.208485524341,-31.8177226895,1.12587034702,front-left,[]
1645717886,-3.87093156371,15.8594796313,1.53295252371,0.10259353418,2.01054814435,-107.08461111,-0.191378511634,-0.676701682822,0.0261464630233,-3.3369612897,1.09967461627,-0.78302511435,0.857984483242,front-left,[]
1645717887,-4.06480417784,15.194761482,1.55620586422,1.37326605878,-4.5816344898,-124.919402129,-0.109886439888,-0.395409891447,0.0161704536464,5.7362824262,-6.56340069756,-53.5428629208,0.765986323357,left,[]
1645717888,-4.37268943926,14.7500865674,1.57461355706,0.544250684583,1.28390424263,-135.020420424,-0.488043856131,-0.517439774665,0.0193899888059,-0.811354817222,2.09432433691,-1.00699511886,0.672262847424,front-right,[]
1645717890,-4.92173955424,14.2115526959,1.59312313048,0.0590522953012,0.283001519093,-135.313830337,-0.568793439593,-0.538384405436,0.0167702841417,-0.111401472632,0.396874061939,-0.0330821998171,0.859182655811,right,[]
1645717891,-5.48309347721,13.6813756775,1.60812814829,-0.0298584303409,0.136487063167,-135.323520234,-0.560939253996,-0.531771206386,0.0136432744831,-0.001371286697,0.0337880292964,-0.0010960052947,1.39195001125,right,[]
1645717892,-5.95312716977,13.2317097978,1.61737513535,0.617865317711,-2.08372569969,-158.140692574,-0.191485660747,-0.1934862648,0.00327181215045,31.2733566249,-33.1153316884,-32.1349385442,1.14163982868,front,[]
1645717893,-6.11116890432,13.0600124293,1.50486626573,2.19147701412,-3.5194122356,-163.37939404,-0.120438057811,-0.135025958554,-0.180639730355,-5.77383350105,7.66851699705,32.5902543798,0.986715853214,front,[]
1645717895,-6.19288106849,13.0087717618,1.49050334834,0.269711262185,-2.99509828494,-146.367557476,-0.12333406514,-0.0772306973775,0.0314712312472,-0.068958732962,-3.53484104475,-46.2357811544,0.912863314152,front-right,[]
1645717896,-6.19388036696,13.0259948559,1.5223227735,-0.00584359225112,-0.0851695774432,161.654031879,0.0590711807029,0.0626733936595,0.0268641747155,0.993038985963,-0.939425257233,-26.7885650483,0.913181722164,front,[]
1645717897,-6.13360347471,13.090597601,1.54597270261,-0.0564418972548,5.90243622953,-161.799253194,0.00678068321166,0.0451859621007,0.0241923051701,10.6552751869,-31.3943732904,26.1988941832,0.981411397457,front,[]
1645717898,-6.52859233365,12.9579090345,1.56417041187,-0.174225597697,1.77495346398,-155.055944525,-0.641832535195,-0.260057489569,0.020463683976,-1.35289110452,2.63680023706,0.745147307211,0.589267790318,front-right,[]
1645717899,-7.22111937384,12.6619150527,1.57391862036,0.0292028472616,-5.66507517998,-156.899459235,-0.638159157986,-0.276947189026,-0.0190174557977,-11.6208269718,21.0861484704,-30.2250712161,0.523041844368,right,[]
1645717901,-7.48469608978,12.5368447328,1.58026688105,1.17080971139,-0.768724172128,150.308934593,-0.0391633253646,-0.0325442577235,0.0169459020852,-0.453850003252,-3.19031840484,-57.1741816188,0.676969647408,front-right,[]
1645717902,-7.46643686109,12.5394927356,1.59713041647,0.0563395957248,0.0835026804644,93.6286979823,0.0435347150595,0.0222290305144,0.0159880639937,0.261115840634,-0.534083750434,-57.2783842836,0.668967306614,front,[]
1645717903,-7.4264257415,12.5634948361,1.6117351708,-0.0415967781646,-0.121686029005,35.7758768261,0.0309534756311,0.0219100075015,0.0129972865488,0.124057572056,0.0386008958716,-57.2802700386,0.637046694756,front-left,[]
1645717904,-7.01791937906,12.7979241214,1.6184334017,0.154593386974,1.70488640225,26.4133812688,0.656116848135,0.350037714698,0.00884210340619,1.25166403253,-2.81165292958,-0.886165331204,0.377640396357,front-left,[]
1645717905,-6.39814713101,13.1488674898,1.62672853281,-0.230605624301,-0.00455072918726,50.8361147749,0.594028935432,0.542489753091,0.00536488104419,12.2467980917,2.65012871191,2.70210549928,0.709810078144,left,[]
1645717907,-6.09809753359,13.4584261916,1.62869057662,1.08380807545,-1.52053941875,3.45100464587,0.0434096399786,0.102872287663,0.00615728849329,-0.754881714651,4.18592791676,-57.1368545651,1.33793592453,left,[]
1645717908,-6.11842475504,13.502614367,1.63562963718,0.0320718955452,2.95913961446,-49.0278899316,-0.0255916737905,-0.00511489837488,-0.00151099218672,71.3500423653,61.5461165637,-19.1319984996,0.972052276134,right,[]
1645717909,-5.88087596747,13.1544806192,1.63548410974,0.0298607583441,1.83492568708,-53.9092726725,0.408544859345,-0.582971296386,0.00496663724015,-2.62393457309,-1.79883497663,-0.505578323573,1.20572817326,right,[]
1645717910,-5.43336577817,12.5176617012,1.64179826473,-0.018379881533,0.309473838082,-54.0529177737,0.471077238288,-0.667718453704,0.00651207820251,-0.464906123552,-0.318323549943,-0.0175249889424,1.87084019184,right,[]
1645717912,-4.98850532288,11.8899611857,1.64659020201,0.864571965493,-6.58161770657,-62.0573509008,0.330185199339,-0.464551984922,-0.00223411958556,8.68041857616,-0.60671773915,-45.7741258741,1.59291756153,front-right,[]
1645717913,-4.87243414336,11.7231684151,1.64567470794,-0.0128149195186,-0.0173727312486,-111.666545775,0.0103968754366,-0.0193848076029,-0.00938700329411,0.725547505724,0.712471900698,-19.3489496177,1.48191213608,front,[]
1645717914,-4.8835038433,11.7380410813,1.62067817624,0.126728822783,-0.229443115278,-82.2922362838,-0.0416408704628,0.0595113933234,0.00624034933433,0.744573917713,0.766390534091,56.6533386134,1.48814284801,front-right,[]
1645717915,-4.81495585705,11.5485400639,1.62159057629,-0.0118989783366,-0.297953079185,-62.5038307985,0.170970416418,-0.399325181222,-0.0284506160978,0.735407443488,0.27415712551,1.67170367232,1.34213781357,front-right,[]
1645717916,-4.69905456368,11.1991949305,1.60977030126,0.509970595939,3.72267707522,-86.7259598612,0.0821905128731,-0.551309397284,0.00613482295222,-6.74286914839,-0.0976915309247,-5.47790290149,1.1156232357,front-right,[]
1645717918,-4.64218889046,10.4771456048,1.61938613231,0.160464641019,-5.9549949653,-88.2913324617,0.0354002584816,-0.730989974288,0.00842713219668,-19.642616426,-0.430867562029,-0.559004167219,0.790465414524,right,[]
1645717919,-4.6276657313,10.1559593725,1.62455857059,-0.101958208639,-1.55625170176,-83.2889664262,0.00224987771296,-0.0731822346057,0.00815735433729,2.12790829577,1.13420576424,41.3304794348,0.798490822315,right,[]
1645717920,-4.63233451383,10.1645249182,1.63332495752,-0.0752090854427,-0.0513890978246,-28.0081579249,-0.00922091073772,0.0471484749991,0.00838318662219,0.632640957737,0.213194464461,57.2524372236,1.14170110226,front-left,[14]
1645717921,-4.64718571849,10.2134286936,1.51081567511,0.00116309450315,-0.0724100674533,-17.1711904948,-0.0208354127226,0.051396687154,-0.392080610352,0.00442894954221,0.00829366976374,1.22902283699,1.15559720993,front,[14]
1645717923,-4.65493403932,10.2452898687,1.4326180655,0.135867413041,-0.0253656374656,31.4558407997,0.00181921504537,0.0148935339972,0.0420015962634,-0.0744601724515,-0.228073132384,57.1794788858,1.1644910574,front-right,[14]
1645717924,-4.6286407887,10.283616485,1.43428460328,0.0594396808504,6.34520166783,50.6128151988,0.188882177222,0.229258934356,0.00386672028423,7.37176661947,-6.38656825895,1.84522109579,0.787196457386,left,[14]
1645717925,-4.22309569165,10.7769645735,1.46849866956,-0.0137764764665,1.0124221014,51.0962236173,0.496920032809,0.607489901856,0.0410976893472,1.42062389374,-1.15090515393,0.0475228225222,0.849954605103,front-right,[14]
1645717926,-3.84611714797,11.2406388781,1.50192269211,0.0500060118343,-0.250238724936,24.933303652,0.179305645784,0.227404407574,0.0175976274237,-2.42485232441,2.28817286151,-17.233354378,0.942579746246,right,[14]
1645717927,-3.4865345326,11.4567380694,1.51464099349,0.571170324573,1.63896494623,20.4975087426,0.598060908145,0.219149688628,0.0288866888793,-0.209369660873,-2.7166191262,-0.505020228271,1.08386337757,right,[14]
1645717929,-2.80170573046,11.6802734658,1.54369775904,0.0066494755944,0.413300883083,20.3451610553,0.718703561645,0.225914280235,0.0268552327035,-0.0234964670582,-0.52373482266,-0.0155166963655,1.30768573284,right,[14]
1645717930,-2.09288676946,11.9073607421,1.56760316163,-0.0701463101132,0.191325212642,20.3405393911,0.721522514891,0.237231100461,0.0220339417863,0.0206472004937,-0.0693787852686,-0.000405369740226,1.53086578846,right,[14]
1645717931,-1.38630415255,12.1457637826,1.58714226827,0.647516120077,-6.80746320894,14.2379823021,0.537623749387,0.182967971068,0.0120887210365,4.12183415524,4.39648550761,-42.3245533634,1.78111481667,right,[14]
1645717932,-0.802979980035,12.250434638,1.60103351494,0.353936463749,0.9435996943,5.01000100913,0.682520207953,0.0574558737275,0.014321023636,-0.539263979429,-1.29674762133,-0.822837621341,1.996997118,right,[14]
1645717934,-0.0807581092704,12.2947151989,1.61442893041,0.0114284938568,0.316771779251,4.77136264148,0.742889766326,0.0391841899199,0.0122566918187,-0.113440436793,-0.262796081406,-0.0281082171752,2.36600375175,right,[14]
1645717935,0.665070867612,12.3361617179,1.62552367081,-0.0416806473793,0.200315875209,4.76315371629,0.745439950748,0.0448111208196,0.00999508463386,-0.00191983401842,-0.0356689406647,-0.000902543145545,2.72932863235,left,[14]
1645717936,1.34956784533,12.3797759006,1.63307672168,-1.24499479317,-5.96813557687,16.0599764886,0.43698070038,0.0255881877879,6.6877692514e-05,-6.20568522402,7.52203499663,49.5059132297,2.75047755241,left,[14]
1645717937,1.76214543929,12.5380945289,1.63611905862,-0.51514488341,1.61797926977,30.6691345091,0.541897624098,0.319786774412,0.00580872320391,2.00347521593,-1.57411965327,1.42384332156,2.64732193947,front-left,[14]
1645717939,2.15103449218,12.7420497667,1.63876291119,0.796999722876,2.9950456425,5.98998978347,0.495541603579,0.113269619295,0.00289370095508,-0.367502463967,-4.8119618222,-4.8077009131,2.36353993416,front-left,[14]
1645717940,2.7633965832,12.8196559133,1.64292695015,-0.728931445322,-5.8989687451,13.4735720458,0.485684467969,0.0384908482373,-4.4397518714e-06,-6.03872277454,5.29029057722,46.7985570999,1.78735756874,front-right,[14]
1645717941,3.26785803106,12.9634300201,1.64534939375,-0.452584912999,1.26364809572,24.6799377271,0.624998173594,0.263261798492,0.00457535008792,1.42089749258,-1.40401593062,1.11358842279,1.35165882111,front-right,[14]
1645717942,3.92459448307,13.2675848034,1.65022840051,-0.0629915001101,0.342673243581,25.0020432896,0.682343128815,0.330082576255,0.00479365955849,0.314073162184,-0.259689592225,0.0392776996868,0.85571283102,front,[14]
1645717943,4.62644314957,13.594665378,1.65399623413,-0.737625255279,0.211189949952,31.7199380007,0.647931837164,0.147594499818,-0.00168274456908,-12.9562897123,-0.507988983575,66.0990544078,0.349482983351,front-left,[14]
1645717945,5.20262582199,13.7647548904,1.59405208754,-0.0216562031211,-0.114663631945,63.7217870561,0.533183924323,0.156658011661,-0.248686431356,-0.14561786784,0.0790039605115,4.43729539885,0.590978085995,left,[14]
1645717946,5.646442139,13.9339603772,1.15992770748,-3.87560849533,-1.54104975952,50.5882715473,0.16697434368,0.27000564504,-0.0886615687666,8.09934308461,6.97125422188,-51.8154012232,1.01418495178,left,[14]
1645717947,5.61102890241,14.233714706,1.21796911683,0.616000753126,-0.253398479845,-6.98747969713,-0.128931573167,0.265236009808,0.0920562460516,0.582884045023,2.00018147776,-57.2526304894,1.58568334579,left,[14]
1645717948,5.48544539626,14.4424870121,1.30172550151,-0.0511697758176,0.624413106969,-63.119952578,-0.109866204133,0.163233499313,0.0777351769992,-0.492125889967,0.682333688377,-57.2761779051,0.843237817287,right,[14]
1645717949,5.40407390299,14.5653661244,1.37231952757,-0.0231678663091,-0.0726698987172,-117.963105653,-0.0559750338145,0.0903785092085,0.0566141317143,-1.05890290719,-0.562610977565,-24.7344882077,0.76238656044,front-right,[14]
1645717951,5.34518512922,14.5504918516,1.41542822125,-0.294107307397,5.37913854176,-101.085354984,-0.114999890132,-0.363716660216,0.0429033597456,-9.40601945007,1.84708760891,6.28564713305,0.698754251003,right,[14]
1645717952,5.22465867231,14.1097271417,1.4083310436,0.152070799901,-2.39843072437,-112.443096337,-0.0746592443471,-0.299328470786,0.0160559301758,3.17166390796,-3.25566195383,-51.3571147729,0.57939684391,front-right,[14]
1645717953,5.11496954412,13.8913906062,1.44668125473,0.647344778031,4.58593157824,-149.616453324,-0.374055785883,-0.318094038811,0.0393668009424,-3.77804305969,7.22808979735,-6.85540127059,0.472651660442,front-right,[14]
1645717954,4.61536341998,13.5064514343,1.48668074044,2.84971310523,3.27923156574,179.908340545,-0.634032716621,-0.268976616561,0.0355029042182,1.71686709109,3.37633621654,-14.2978876161,0.448256999254,right,[14]
1645717956,3.92117669959,13.4113318469,1.51728246552,-0.294578870831,-5.0425925336,-168.580584655,-0.464614988888,0.00041186745523,0.0236381106792,5.0423092152,-6.85575332628,52.5203186006,1.010871768,right,[14]
1645717957,3.7248591974,13.4416761434,1.54258136427,-0.866838657691,5.79617654097,-114.97852612,-0.0715429705884,-0.0163282456005,0.0244434101657,25.5327243448,-12.9835979451,24.5037775794,1.30608558655,front-left,[14]
1645717958,3.54946314558,13.0082180749,1.56183950155,-0.234904715654,1.61791469959,-108.436576931,-0.226558492222,-0.687031732497,0.0210986690253,-2.7841232863,0.473813240783,0.699431822938,1.12859666348,front-left,[14]
1645717959,3.35112365636,12.3789870459,1.57963840262,-1.53883755834,-3.67870821803,-82.5072011096,-0.0833297880101,-0.25974477896,0.0118079767384,7.43380755905,1.69036049921,55.8990928805,1.16017949581,front-left,[14]
1645717960,3.43234702587,12.1296755429,1.59146596888,-0.598228771753,3.14375255743,-55.6937371706,0.325305753596,-0.475353275115,0.0112161804937,-3.96687572256,-3.92398200245,3.00539151861,1.08045828342,front-left,[14]
1645717962,3.82472427163,11.6069977233,1.60341417773,-1.34104512156,-4.97035770012,-39.5150460694,0.263777989992,-0.320973492079,0.00665153515356,3.17703807446,7.5135126646,52.6148260617,0.680267691612,front-left,[14]
1645717963,4.20522928366,11.3535151274,1.61123872729,-0.54417753414,1.72979694773,-24.7693426192,0.612898208063,-0.280206512455,0.0103477903654,-0.275634489019,-3.01835345566,1.37485993272,0.434346795082,front-left,[14]
1645717964,4.90378907856,11.0625022184,1.62227870894,-0.0186350825667,0.355261544861,-24.3703284748,0.727819615754,-0.293004270898,0.0105207145391,-0.0265886866308,-0.545666305327,0.0444630819128,0.587718605995,left,[14]
1645717965,5.60144297371,10.7788543093,1.63151444978,0.0603756630626,0.139670494372,-24.3574544704,0.719785890065,-0.297453172499,0.00872642250973,-0.0131583761765,-0.0554937552502,0.00163785053523,0.877470314503,left,[14]
1645717966,6.17396168752,10.5427578944,1.63586349641,1.83634386834,-3.28480678277,-52.3903715046,0.187262653351,-0.0695177080199,0.000473839456039,5.88681404604,4.48790456514,-56.0062887497,1.12068843842,left,[14]
1645717967,6.20090239824,10.544265656,1.62410299405,-0.00952784067391,-0.0681235893642,-90.6740943188,-0.0218992142312,0.0266261481015,-0.0938904301997,-0.0488293156364,-0.0576269933076,-6.2966650799,1.31427264214,front-right,[14]
1645717969,6.1755679695,10.5755651875,1.34064352069,0.397294334212,-0.0637899337828,-80.7986844623,-0.0498243879858,0.0361544926594,-0.0999530031551,-0.126735958914,1.42809559547,50.3497099848,1.30779874325,left,[14]
1645717970,6.16378817818,10.56235653,1.36772055964,-0.125740759133,5.70846664492,-38.5803609257,0.226072734463,-0.221307752764,0.0518504541391,-6.39605925091,-7.00348928272,8.38021499329,1.08541297913,left,[14]
1645717971,6.61013019837,10.1921004377,1.41898725101,-0.128212088021,1.09544726274,-36.3090098483,0.592899314456,-0.463141119019,0.051736302101,-0.998879770437,-1.55829231602,0.287985315021,1.46654999256,left,[14]
1645717972,7.24414642684,9.70934671824,1.46686711805,-0.0462915392125,0.212354295474,-36.2255112052,0.640751935879,-0.47986089487,0.0428943301433,-0.13635997663,-0.267436318776,0.00976838779885,1.60234832764,front-left,[14]
1645717973,7.72847962609,9.34837302354,1.50148593268,1.78232838079,-3.32049583992,-64.2741549468,0.178291229276,-0.134992138626,0.0285425971516,6.65428003288,2.97550639396,-55.9886418471,1.1217610836,front-left,[14]
1645717975,7.76212393452,9.29307315145,1.52079514388,0.735273488232,6.47388920988,-99.8950593422,-0.059762245969,-0.214599046071,0.00862698615561,-6.66155460276,2.14920787925,-4.49098949627,1.09550201893,left,[14]
1645717976,7.60796374592,8.75256628893,1.54206105048,0.214843946811,-5.41985011235,-104.156331211,-0.180813044331,-0.627635435595,0.0239285783867,-15.3932037484,0.372235944493,-34.2708456123,1.33517730236,left,[14]
1645717977,7.50859426257,8.48568174072,1.56176734265,1.11328322396,5.05241540649,-153.532022164,-0.101396335238,-0.0803622535102,0.0200023615342,13.9166314132,-25.1992094545,-24.7524317578,1.61517035961,left,[14]
1645717978,7.00936934551,8.30983982597,1.57889697636,0.169213446406,1.39028523338,-160.19451018,-0.711471131955,-0.21894490162,0.0182953554595,-0.375181820971,2.43169137756,-0.634405979999,1.76369476318,front-right,[14]
1645717979,6.2563524399,8.08010174971,1.59624042875,-0.0534323093407,0.242627684317,-160.377507569,-0.777250971557,-0.239959323374,0.0161046394481,-0.0740170924574,0.409144452433,-0.022008151789,1.1328510046,front-right,[14]
1645717981,5.75635662451,7.93140527834,1.97911784262,-0.0637985686455,-2.60027521336,-160.425311825,-0.161844079414,-0.0337799025553,0.729331048664,1.5239922868,-4.30459000822,-0.0146382404287,0.83988237381,front-right,[14]
1645717982,5.71329256199,7.97343771935,2.62453854045,38.9136997472,-10.1257185637,-164.337579337,-0.0380425849329,0.346911803572,0.287200211874,-111.064736284,2.35229964579,-12.477673908,1.02924287319,right,[14]
1645717983,5.67953042723,8.11912888872,2.63428182154,80.805471636,-6.61005267012,-179.024488946,-0.0042770740518,0.000764244249642,-0.00906223925598,0.232966937541,-1.12275860641,-1.80950457597,1.69049990177,left,[14]
1645717984,5.68536204213,8.08163057835,2.50213794479,14.9006391249,-6.02228978599,-170.082367405,-0.00279616494968,0.0187735817055,-0.134485084992,65.7208538936,-10.1759602416,-2.13134130295,0.710505783558,front-right,[14]
1645717986,5.68411791206,8.08392072986,2.47969486791,5.3071531277,-2.11682031876,-169.447545102,0.0049547227445,-0.00895513834878,-0.0220777764204,1.18472540557,-4.22629268493,2.27007538341,0.683778584003,front-right,[14]
1645717987,5.6840577774,8.08528326738,2.47529617629,2.56498155025,-1.58285578181,-169.176039116,0.000224828210818,0.000495558116194,0.000600769621523,0.0438786832833,-0.529330891134,0.567743000359,0.676387786865,front-right,[14]
1645717988,5.68931731238,8.08670238662,2.47060232276,1.63839518281,-0.870218997392,-166.816113303,0.0101499868066,0.00392993960241,-0.00989628343268,7.25619850706,1.00872154168,4.23087307745,0.682804763317,front-right,[14]
1645717989,5.52253322033,8.07069133103,2.06362930459,-0.0834375489243,1.18034680244,-166.515670196,-0.377431047108,-0.0613882028951,-0.594699693946,-7.87374500331,26.9473869442,-0.00780032606392,0.604116261005,front-right,[14]
1645717990,5.15343710262,8.00585690455,1.72519728414,-0.242558738643,-0.412852831519,-138.632086295,-0.359439035652,-0.0692646028807,0.0689580234029,-0.000294713755691,1.13841957732,56.2442892518,0.606532931328,right,[14]
1645717992,4.85520993758,7.95136002643,1.8291078082,-0.985454188439,-0.29713915626,-100.611546893,-0.248771117655,-0.0426650751351,0.107476736955,-0.467905245833,-0.0153197733692,-34.3961391607,0.796389460564,right,[14]
1645717993,4.67837164665,7.9154333949,1.93007587287,-0.281952787966,-0.410444725824,-130.456362151,-0.117808488549,-0.0282078076196,0.0908347186152,0.242206661923,-0.299522090771,42.1675344189,0.700189113617,right,[14]
1645717994,4.5912884504,7.89797946044,2.00817694279,0.0196136526962,-0.0824593138329,-85.7314878253,-0.0721810050144,-0.00873696742213,0.0347594111137,0.0301384914445,0.0910533092406,12.4310596054,0.957710802555,left,[14]
1645717995,4.57835033545,7.55285409927,2.04608042432,-0.212152434272,2.27536792837,-82.7433236537,0.0539272544937,-0.679046778324,0.060041308022,-3.90815008845,-0.738890513772,0.28958864734,1.28645539284,front,[14]
1645717996,4.61560250771,7.13462050274,2.10068073508,1.35471864971,-1.48543316485,-126.546791751,0.0126085091624,-0.140521631684,0.0521678613982,3.45731402306,-1.73098174899,-57.0057808416,0.853749454021,front-left,[14]
1645717998,4.6175508365,7.09823030617,2.15153485309,0.261723392169,0.0247686283813,177.572650227,-0.00318560339321,0.0193728915576,0.158895864544,0.89355458454,-0.0175258581478,-35.2054102527,0.823895692825,left,[14]
1645717999,4.61471825855,7.1253680217,2.7989484838,-0.0417444052553,-0.0123846334009,168.755620557,-0.00233542867679,0.0261041058086,0.783106482349,0.0455088854362,0.00207748711608,-0.971586203191,0.849661290646,left,[14]
1645718000,4.6128076984,7.14653558776,3.58368611141,-0.0470767491556,-0.0140624302684,168.476048241,-0.00148379075754,0.0162252703978,0.781427585803,-0.0152472825699,-0.0010364373969,-0.0343523914128,0.871266126633,left,[14]
1645718001,4.61167161396,7.15887279905,4.37591198544,-0.0293885195608,-0.00891527852833,168.466140995,-0.000795156592695,0.00858816939823,0.772210759479,-0.0172441971515,-0.00153817846507,-0.00110172247031,0.881898343563,left,[14]
1645718002,4.30857111216,7.22684222061,4.64891003152,-0.0191892646066,2.63414112553,168.496027423,-0.64866456647,0.136500998051,0.0250522583873,0.918770290806,4.59198483554,0.00340523454452,0.949809551239,left,[14]
1645718004,3.53054994679,7.3883202468,4.66018750448,-0.00840916330796,0.391594676559,168.497064768,-0.813024609843,0.167461588948,0.00690822514679,0.149731052092,0.769701398398,8.65594604009e-05,0.888971447945,front-right,[14]
1645718005,2.73769580459,7.55104101434,4.66615586393,-0.00385426652236,0.0675765539499,168.497111308,-0.796942850998,0.16311257112,0.00542090085903,0.0103438350827,0.0660525094538,6.54638520393e-06,0.728601336479,front-right,[14]
1645718006,1.94950885383,7.71209196117,4.67108365269,-0.00175225830559,0.0804560258678,168.497114954,-0.764906365865,0.156087108879,0.00438494687347,-0.0114674028719,-0.0495354469107,-9.67430026894e-07,0.565960168839,front-right,[14]
1645718007,1.21400526218,7.86186291473,4.67327180206,0.573137436471,-6.83898442507,162.361980389,-0.558843581846,0.111086644702,-0.00571429129197,-5.03885450704,-2.57826489658,-42.6304588215,0.462958037853,right,[14]
1645718008,0.964960866931,7.96262759238,4.66944433834,0.997622123269,4.18699846265,125.444484662,-0.248565051959,0.338759364691,-0.0024906891307,6.42770047688,2.7344204147,-6.02869680651,0.547167062759,right,[14]
1645718010,0.648215846273,8.48414813561,4.67094574728,0.0854392278176,0.876390154883,123.746754737,-0.371817488352,0.646226468636,0.00384903796909,1.36517520693,0.42438085821,-0.211604930953,0.753772556782,right,[14]
1645718011,0.428357235241,8.884649838,4.66359934251,-0.0617755749486,-0.0717554698611,95.1370653222,-0.119805103752,0.219734235515,-0.0523539862957,-0.105419181889,0.371396357776,-8.59136332632,0.972033619881,right,[14]
1645718012,0.360495848952,9.23850562758,4.59013771268,0.617892516956,1.89078603362,92.8628937159,0.0169424252431,0.579201323815,0.00633218617555,2.91919189786,-1.41438747851,-0.203819331721,1.03565692902,right,[14]
1645718013,0.409726310177,9.50318037644,4.60248482042,-1.14053448799,5.87411477,134.946037898,-0.0513603132506,0.151839606036,0.0127489761908,-0.197226266668,1.05530442604,15.7513202882,0.979181468487,right,[14]
1645718014,0.0590206621002,9.84001493046,4.61527975696,-0.227658311997,1.34590134831,139.246885148,-0.522532264663,0.434791310378,0.0147542240714,0.955941251967,1.84312087448,0.45059461656,1.34411489964,right,[14]
1645718016,-0.506919385193,10.3000584543,4.62931566647,0.011613728946,0.342949196257,139.378208065,-0.594629425495,0.480856286324,0.013081750672,0.192203465281,0.35831387481,0.0155844197743,0.972541093826,front-left,[14]
1645718017,-1.10675730116,10.7891479786,4.64124110626,0.0410426491649,0.167538053974,139.382729137,-0.589086948722,0.485075785151,0.0106071100462,0.0310401136385,0.030178687462,0.000462785016611,0.561311483383,left,[14]
1645718018,-1.51527686425,11.1237242515,4.64621006486,-1.46246320655,4.31312711726,165.804549608,-0.277871789204,0.154795952597,0.00343587386513,-0.0109272348366,-2.84554706767,13.980208176,0.748043775558,left,[14]
1645718019,-1.91056493567,11.2458906479,4.65112914832,0.342075103342,2.26089982567,154.411258478,-0.538131718944,0.18988300634,0.00596651103051,1.71558321455,3.28502419683,-2.67801880345,0.867963254452,left,[14]
1645718020,-2.53692623052,11.5058555831,4.65807518533,0.145887490672,0.549432496049,153.649844145,-0.672772508547,0.303294373536,0.0070056907085,0.433769247722,0.551922489462,-0.0909217635688,1.12267780304,left,[14]
1645718022,-3.20452903859,11.8176832268,4.66436759111,0.0550010651248,0.220769466857,153.623174643,-0.682645192234,0.32663715142,0.00581125181506,0.102330492251,0.0841474608219,-0.00339287272827,1.44920217991,left,[14]
1645718023,-3.88300863023,12.1463862213,4.66961054755,0.0209842463861,0.175726669476,153.622111128,-0.673803476981,0.329381638893,0.00471496140308,0.0185847976517,-0.00690902750648,-8.80588718423e-05,1.77405560017,left,[14]
1645718024,-4.56332759006,12.480656719,4.67361611834,-0.405214197089,-6.77811628333,158.132872711,-0.543586693513,0.269506563568,-0.00105389394972,4.81751981937,0.693727491173,38.9079139553,2.11553883553,left,[14]
1645718025,-4.74580944259,12.5869819887,4.67007964159,0.158228978928,-0.0270870864802,-155.330620934,-0.0143635678639,0.0346971928523,-0.0190738513459,0.385478773218,0.0291863471139,15.8826623818,2.22486901283,front-left,[14]
1645718026,-4.73396296194,12.6046061489,4.58745157291,-0.565312772939,-0.449391897312,-174.531071146,0.0744893293882,-0.0386061220977,-0.0032163067005,-1.92160432968,-1.20348552683,-55.3995696643,2.24934720993,left,[14]
1645718027,-4.64890550554,12.5497828172,4.5990206576,0.00208172460661,-0.088731899384,138.559626426,0.0892229060402,-0.0616115808481,-0.0103618501985,-0.0102939670289,-0.0317113060282,-14.4582087776,2.51431441307,front-right,[14]
1645718029,-4.57358770207,12.4957887611,4.57841944317,0.0109273708484,-0.134630509189,134.602966764,0.0595454434144,-0.0448883723244,-0.00869266732212,-0.153292013837,-0.225211510769,-0.426393880537,2.56874442101,front-right,[14]
1645718030,-4.52861423013,12.4609673356,4.16149786298,-0.0359039030569,0.231713698397,134.480825024,0.0192767706525,-0.0159968299316,-0.704789194275,0.20772819899,0.288852907226,-0.0141786762511,2.60250854492,front-right,[14]
1645718031,-4.51976896685,12.4528717862,3.43504669053,0.00216534232654,-0.106174038055,134.476819742,0.00480290474082,-0.00522932518759,-0.745911660318,0.0250108123163,0.0242304877209,-0.000501078206404,2.60716676712,front-right,[14]
1645718032,-4.51731784103,12.4504711315,3.21450631255,0.0181694600255,0.0208969029213,157.498749875,0.000137137639927,0.00162258583298,0.00879614919964,0.112018227223,-0.020362401192,-39.4323699217,2.0764977932,left,"[14, 16]"
1645718033,-4.51575101805,12.4510113872,3.21391705626,0.0143992853749,0.0427559448522,159.216079846,0.00018162673359,0.000766512663712,0.0152888992635,-0.0212452222956,0.165846012037,53.3930526816,2.0780851841,left,"[14, 16]"
1645718035,-4.51660823499,12.4541657629,3.23560709169,0.0267259821458,-0.00903751968686,-145.833724943,-0.00133107486994,0.00576278679456,0.0227900840255,0.0135464877183,0.00689644486924,57.2722498068,2.08305072784,front-left,"[14, 16]"
1645718036,-4.51875941076,12.4611377077,3.24638063069,-0.0303912986782,4.9634869621,-161.283907095,-0.0379505452311,-0.00574242083526,0.00973804820011,16.2557021412,-47.0908472253,-14.8322996022,2.08881449699,front-left,"[14, 16]"
1645718037,-4.9789773599,12.3321346279,3.25809246221,0.0478004303913,1.62453841783,-165.184193883,-0.712143902809,-0.194338552849,0.0160075559851,-0.69763205758,2.78113961702,-0.402806851854,2.02501392365,left,"[14, 16]"
1645718038,-5.53143455792,12.1875076434,3.26798393898,-1.35351071978,-3.03208819453,-137.178415362,-0.247711685422,-0.0472720253784,0.00903110868826,5.16561119031,-4.49932678321,56.1565004452,2.02616214752,front,"[14, 16]"
1645718040,-5.78348692115,11.9440747217,3.27728971096,-1.31267787318,-3.48074419529,-107.296591865,-0.178060234492,-0.257504179058,0.00905069881694,5.17616616693,-0.864282439706,52.9816186129,1.71486389637,front,"[14, 16]"
1645718041,-5.87477892423,11.5790428105,3.2824888949,-0.633491088997,2.25565319434,-91.8148366637,-0.0213921444721,-0.637746130527,0.008713952252,-3.93353454234,-1.10225695442,1.2733957433,1.35519683361,front,"[14, 16]"
1645718042,-5.82015843405,11.0969671561,3.28968217633,-0.88880075602,2.93747311744,-67.1443437321,0.204119333419,-0.541595344616,0.00721903241712,-4.1827467749,-3.09316703045,4.80596065195,0.960868418217,front-right,"[14, 16]"
1645718043,-5.52545807662,10.4617339368,3.29841511681,-0.109749285655,0.563707177109,-65.784699388,0.350806091473,-0.702042675882,0.00939922451456,-0.694877454422,-0.711407875729,0.16765761254,0.915890693665,right,"[14, 16]"
1645718044,-5.16252116557,9.73789765873,3.30727437988,0.0553994583795,0.14246758354,-65.7357713315,0.351839396345,-0.708386666177,0.00787585157085,-0.0880231461296,-0.0824476412837,0.00524848401906,0.832957744598,left,"[14, 16]"
1645718046,-4.8443809424,9.08927339609,3.31307397659,1.09817557235,-6.20406579215,-75.6403045213,0.224008563159,-0.447384697903,-0.0014575681426,9.574195077,-1.73374890482,-48.1699791227,1.3630040884,left,"[14, 16]"
1645718047,-4.7653710064,8.95369121318,3.31453950648,0.879417397069,-0.336544626735,-133.079148999,-0.00559650730451,0.0403016371207,0.00517219181704,2.4831369621,0.166170944835,-57.2369582705,2.08108568192,right,"[14, 16]"
1645718048,-4.78649509816,9.02458858017,3.31998695699,-0.137936729544,-0.0590299197394,170.224133812,-0.0249050592887,0.0757051689562,0.0052503300422,0.268167024819,0.235939604324,-57.2794644282,1.23196434975,right,"[14, 16]"
1645718049,-4.80822545601,9.08404944893,3.3246559101,-0.0744368111476,3.63848696325,135.953585958,-0.0400654195143,0.064355705487,0.00284327866693,-51.5293983928,-52.8127184329,16.9079960499,1.17855119705,front-right,"[14, 16]"
1645718051,-5.01343351665,9.28477610663,3.32309367307,-0.0991735466847,-0.0259425154381,113.117292125,-0.156302201202,0.139664708916,-0.0154716221933,-0.696729740112,-0.126371044061,-16.2368432185,1.06645727158,front-right,"[14, 16]"
1645718052,-5.21224425267,9.6907841197,3.31543380315,0.343088058155,1.64666203465,109.158930258,-0.241048831138,0.661698079604,0.00327052832049,2.81609551205,0.341772184253,-0.478344920012,0.899358332157,front-right,"[14, 16]"
1645718053,-5.33513077713,10.215157707,3.31678291255,0.823031989726,2.15720280807,88.3506622601,-0.0211763135072,0.641146493279,0.00295331981163,3.71700979717,-1.27564263215,-3.22822802095,0.844394683838,right,"[14, 16]"
1645718054,-5.3069576963,10.9745962913,3.32134094174,0.112064465618,0.406731595279,87.4234317989,0.0531843031028,0.78276058464,0.00481834227154,0.598910798275,-0.330144258342,-0.0973941207784,1.01463878155,right,"[14, 16]"
1645718056,-5.23735098274,11.4341748399,3.32027803488,1.11879947739,3.56824436962,58.9480613205,0.211007934845,0.429665469604,-0.000363668700416,3.92596747076,-4.00833724376,-6.76485216009,1.30663561821,right,"[14, 16]"
1645718057,-4.87229172648,11.9949543337,3.32290430737,0.143972963807,0.704784772466,57.0374757399,0.436382089036,0.613071292987,0.00415524781703,0.656212096432,-0.941593011512,-0.201959050601,1.67336153984,right,"[14, 16]"
1645718058,-4.41828761402,12.6289881031,3.32700281453,-0.0554185287861,0.199457414338,56.9783589128,0.450184116039,0.63337092444,0.00376745027984,0.110096088228,-0.134221634254,-0.00647987050035,2.30800795555,right,"[14, 16]"
1645718059,-4.00124810413,13.2230526483,3.32940072609,-1.02764653233,-6.35668335641,65.9113587389,0.298779452966,0.419624951285,-0.00434545884137,-9.21792199795,-0.637974724518,47.013808005,1.86158752441,front-left,"[14, 16]"
1645718060,-3.89848597456,13.3503668335,3.32756573143,-0.261821758394,-0.638716580198,79.8542490471,-0.00376401198315,-0.0305749658656,0.00183418905606,-11.33117186,9.06381038548,-28.59708838,1.74445641041,front,"[14, 16]"
1645718062,-3.82622225534,13.63206804,3.32336054597,0.0355491450817,2.18811894424,72.6522409963,0.158301056591,0.586426731927,0.00082235188958,3.30185236392,-0.925859913813,-0.666259183522,1.48920929432,front-left,"[14, 16]"
1645718063,-3.7141982589,14.1346814947,3.3238892274,-0.791699804527,2.49739590001,89.5258403513,0.0426403258306,0.578755002792,0.00135521613121,4.2417054935,0.852952509982,4.98748833493,1.0415699482,front-left,"[14, 16]"
1645718064,-3.71654265683,14.8083328669,3.3259273084,0.820863404609,-5.94339558516,80.7212581224,-0.0270560556179,0.474927935573,-0.00363576598874,-6.4876156463,5.01118055714,-48.4873675041,0.560224056244,front-left,"[14, 16]"
1645718065,-3.75490034584,14.9631920037,3.3205725888,-0.0633269668444,-0.100412624492,36.4291467674,-0.0499027327132,0.0239423305057,-0.0390674895496,0.0855703451704,0.366204021681,-11.484960052,0.470788478851,left,"[14, 16, 21]"
1645718067,-3.78543779633,14.9304004062,3.30977883995,-0.0068880417384,0.149716220756,-13.1208080568,-0.0121437904229,-0.0656640334167,0.00612165224131,-0.747277196957,-0.0787570798346,-57.1887815019,0.989513456821,front,"[14, 16, 21]"
1645718068,-3.48243493705,14.7169329118,3.31115922392,0.0325943636731,2.23984006985,-29.8850976434,0.599936127396,-0.369461063202,0.00306590428266,-2.07852472906,-3.47154605644,-1.42841014104,0.769799172878,front-left,"[14, 16, 21]"
1645718069,-2.8091321349,14.3049283555,3.31636632025,-0.023631388599,0.335371032747,-30.2885558257,0.714272481317,-0.434511569405,0.00581166716751,-0.37184441165,-0.590094181335,-0.049405630315,0.754538178444,left,"[14, 16, 21]"
1645718070,-2.33353808628,14.0117936611,3.3152330164,-0.907903261837,-1.78511186158,-3.81213540888,0.227199635529,-0.147916043761,-0.0133720166919,-20.1407342739,-33.2887349884,-9.32889132855,1.05301845074,left,"[14, 16, 21]"
1645718072,-2.25830993585,13.9564514957,3.29341851998,0.00421330537836,-0.0574390178628,-30.7922755177,0.0250203502018,-0.0254976633563,-0.116976245797,-0.0978506455539,-0.0998159485371,-4.76030488217,1.10550057888,left,"[14, 16, 21]"
1645718073,-2.13447308135,13.9324612698,3.26265304026,-0.196917908552,3.74778475639,-10.7278459864,0.457128925419,-0.0779746610232,0.00711866836684,-1.00284451169,-6.24934568954,3.44984928236,1.12800490856,left,"[14, 16, 21]"
1645718074,-1.46813382027,13.8279013909,3.27550516654,-0.0133497393154,0.724374022509,-9.75808581075,0.747726094309,-0.114125179926,0.0139312173602,-0.101361982872,-1.12083495832,0.100992937568,1.23820400238,left,"[14, 16, 21]"
1645718075,-0.862952973995,13.737004623,3.52531358359,0.0237979431864,-3.56768570432,-9.74859942506,0.250828098746,-0.0318809358918,0.681091301728,1.18003274989,6.84242161734,-0.00328674190625,1.32747995853,left,"[14, 16, 21]"
1645718076,-0.477422544099,13.6797055385,3.77969145303,0.0235441558439,1.95784815707,-9.75112832167,0.625761541915,-0.100715637212,0.0243974335869,-0.537598170985,-3.06115121001,-0.000881546341765,1.38158619404,left,"[14, 16, 21]"
1645718078,0.249456998682,13.5598272645,3.7904377396,-0.0538863919795,-4.560885559,-8.5528504104,0.719335688199,-0.120415505448,0.00507491643789,-9.94552065341,-48.610110075,24.8785083779,1.50367867947,left,"[14, 16, 21]"
1645718079,0.57064349993,13.5272530491,3.7905332966,-1.0209930513,5.43862244812,33.8527348935,0.238558019866,0.132468780895,-0.000444800530193,3.75356591295,-2.64784906531,12.763724067,1.54492497444,front-left,"[14, 16, 21]"
1645718080,1.02278792127,13.8805179771,3.7924928988,-0.136364874546,1.10494650568,37.36425491,0.562263169781,0.471865850906,0.00483230118107,1.41149873093,-1.16639951019,0.370590278659,1.20676982403,front-left,"[14, 16, 21]"
1645718081,1.56702841259,14.3412180449,3.79601726403,-1.22774343893,-5.57268035846,50.3257638073,0.342604214395,0.302515108982,-0.00317682287422,-9.0491943529,3.13028896828,50.8408581289,1.05458021164,left,"[14, 16, 21]"
1645718083,1.78438078291,14.6518273707,3.79059086468,-0.743656222625,2.16875157334,67.6735969978,0.215968079895,0.537369320695,0.00144903571993,3.9762771619,0.0371166422839,1.59656691185,1.0706319809,left,"[14, 16, 21]"
1645718084,1.95097340358,15.1570974155,3.79232522891,-1.55736147864,-3.02832777056,95.0358016973,0.033036987051,0.205240495393,-4.52100450615e-05,-6.50717280785,-0.716169809817,55.8791513613,1.12172245979,right,"[14, 16, 21]"
1645718085,1.88572819795,15.2336919802,3.79451097329,-0.415160847221,-0.934216361121,136.523473613,-0.240132060074,0.127944515881,0.000213558949116,13.5403348213,17.9600744848,-26.0102087724,1.08166146278,front-left,"[14, 16, 21]"
1645718086,1.67957219126,15.4053399716,3.79544516264,0.61179724947,3.52427205188,110.587359453,-0.273652230149,0.460451300579,-0.000630247700985,5.98748097931,1.78447047498,-4.02412713285,0.886921286583,left,"[14, 16, 21]"
1645718087,1.39222840921,16.0247885036,3.79820377389,0.228093515207,0.671836244222,109.452351708,-0.295221657973,0.724610552093,0.00438546847213,1.14884511582,0.139007007081,-0.142462522774,1.0166093111,left,"[14, 16, 21]"
1645718088,1.10078033075,16.7821037799,3.80249078074,0.0703577226751,-1.80319636254,109.731266748,-0.265017088271,0.714951409414,0.00306165735023,109.748424016,38.8715107116,15.7379201912,1.7348896265,left,"[14, 16, 21]"
1645718090,0.984909186773,17.109121299,3.80044929241,-1.41758351745,-1.14695096018,159.634059373,-0.0123703016581,0.0529746243991,0.00128819277091,-2.54484586932,-3.03580424619,57.0915477524,1.85132920742,front-right,"[14, 16, 21, 29]"
1645718091,0.981877339636,17.150355711,3.65703752336,-0.000585417960649,-0.0728534527126,170.384626051,0.00268695798815,0.0393825301418,-0.427129300603,0.00491445455809,-0.00508484381613,1.02620785479,1.8121368885,front-right,"[14, 16, 21, 29]"
1645718092,0.992615569899,17.209350724,2.79203503342,4.02357485487,-0.0459054409311,170.659182945,0.0616936307566,0.376776578517,0.0982801285968,-18.3316583153,3.50119516406,-0.254829085233,1.42449569702,right,"[14, 16, 21, 29]"
1645718093,1.02325300273,17.4021670864,2.80347766279,28.4257811113,-1.54694771085e-05,170.743649253,0.037457495263,0.229719897019,-0.0075536013697,-60.504986657,9.86973530198,-0.0175379991582,0.226476803422,right,"[14, 16, 21, 29]"
